city,latitude,longitude,weather,temperature,humidity,pressure,wind_speed,cloudiness
tuktoyaktuk,69.4440189,-133.031904,Clouds,-4.0,84,1025,6.91,40
bredasdorp,-34.533055,20.042778,Clouds,69.35,89,1012,2.59,56
arraial do cabo,-22.9662839,-42.024427,Clouds,73.38,64,1014,6.91,40
hithadhoo,1.7959425,73.38755195657038,Clouds,81.0,74,1009,10.83,79
kodiak,57.79,-152.4072222,Clouds,35.11,100,1016,0.0,100
puerto ayora,-0.7471674,-90.3134198,Clouds,72.19,94,1009,1.01,94
port alfred,-33.5981844,26.8914772,Clouds,65.05,94,1011,3.0,49
portland,45.5202471,-122.674194,Clouds,44.6,78,1028,5.75,20
faanui,-16.48243875,-151.73383197031578,Clouds,79.29,78,1009,19.17,74
hambantota,6.1249126,81.1242563,Clouds,75.29,84,1009,3.33,99
toccoa,34.5774368,-83.332881,Mist,42.12,95,1016,9.22,100
mar del plata,-37.9977225,-57.5482703,Thunderstorm,75.49,52,1003,18.99,40
sakakah,29.9784008,40.2047701,Clouds,54.97,58,1016,5.19,40
mys shmidta,68.8928813,-179.4130958,Clouds,-15.09,93,1028,6.93,100
akdepe,38.3138407,57.5960414,Clear,51.91,41,1021,1.54,5
mergui,12.4319552,98.5955711,Clouds,68.11,74,1010,3.98,62
rikitea,-23.1229544,-134.9680141,Clouds,74.16,67,1013,8.39,89
jamestown,-15.9277296,-5.7160872,Clouds,69.3,74,1016,16.73,62
rio gallegos,-51.64607595,-69.26322885452636,Clouds,59.07,29,1007,32.21,40
norman wells,65.282401,-126.832725,Clouds,1.44,78,1024,0.0,75
port elizabeth,-33.9617051,25.6207519,Clear,64.51,88,1013,3.44,0
mataura,-46.192734,168.8642685,Clouds,63.48,51,1008,3.38,77
santa maria,-29.6860512,-53.8069214,Clear,72.64,43,1009,4.61,0
atuona,-9.8037347,-139.0425737,Clouds,78.94,73,1009,15.77,36
busselton,-33.644499,115.3488754,Clear,63.88,65,1016,14.14,0
solwezi,-12.1820553,26.3990713,Rain,61.56,97,1014,2.57,100
sur,33.2721211,35.1964023,Clouds,60.12,71,1017,7.54,35
kulu,27.3162701,62.3667603,Clear,47.41,38,1020,4.21,0
bluff,-46.59882,168.3433685,Clouds,63.93,80,1009,12.26,54
korla,41.7238743,86.173541,Clear,23.4,57,1032,8.25,3
mahebourg,-20.4111041,57.7060616,Rain,73.78,94,1014,3.44,75
carnarvon,-24.8826131,113.6576486,Clear,73.08,63,1010,20.22,0
natal,-5.805398,-35.2080905,Clouds,79.0,83,1011,11.5,20
longyearbyen,78.2231558,15.6463656,Clouds,1.67,71,1021,8.05,40
ushuaia,-54.806115899999995,-68.3184972880496,Rain,47.89,57,1001,23.02,40
margate,51.3878174,1.3819699,Clouds,35.71,88,1007,4.0,95
mayo,45.6634129,-75.345801,Clear,23.9,74,1026,6.93,0
oxapampa,-10.5744337,-75.4044786,Clouds,62.53,97,1012,1.52,100
saint-philippe,45.3584499,-73.4790045,Clouds,29.28,70,1026,5.75,100
garissa,-0.4567099,39.6404713,Clouds,76.84,77,1010,7.07,21
stornoway,58.20842,-6.3881077,Clouds,37.18,83,1012,13.8,75
burlington,44.4761601,-73.212906,Clouds,26.74,74,1025,5.75,100
suarez,4.0484889,-74.833034,Clouds,78.6,77,1007,2.77,34
dalbandin,28.8963483,64.4097124,Clear,48.63,25,1021,6.85,0
albany,42.6511674,-73.754968,Clouds,27.16,72,1023,6.91,75
provideniya,64.4237364,-173.2273726,Clouds,12.99,72,1020,13.42,100
punta arenas,-53.1625688,-70.907822,Clouds,52.09,58,1005,18.41,20
lebu,-37.6099644,-73.6559477,Clear,63.45,81,1020,7.87,2
mecca,21.420847,39.826869,Clear,74.73,61,1013,4.41,0
enkoping,59.6356115,17.077856,Clouds,-0.67,89,1001,4.43,92
hermanus,-34.4175,19.2361111,Clouds,67.84,88,1012,4.74,96
faya,17.9209323,19.0953202,Clouds,70.47,20,1014,14.07,47
cape town,-33.928992,18.417396,Clear,68.67,87,1010,13.0,0
alvand,36.1865866,50.064134,Mist,37.81,93,1023,2.3,58
komsomolskiy,43.98266,46.6950001,Clouds,41.0,89,1024,6.98,100
barrow,71.2905556,-156.788611,Haze,6.82,72,1022,19.57,100
tubruq,32.0773764,23.9599988,Clear,65.86,65,1016,11.79,10
hokitika,-42.7178871,170.9646469,Clouds,63.59,72,1009,2.26,100
samarai,-10.6106054,150.6619362,Clouds,83.97,71,1007,4.97,85
coahuayana,18.6220145,-100.3484789,Clouds,78.46,33,1009,2.53,27
georgetown,6.8137426,-58.1624465,Rain,80.58,89,1011,6.91,40
nuuk,64.175029,-51.7355386,Clouds,14.99,69,1034,7.45,97
chunian,30.9631954,73.9807183,Clear,54.54,29,1015,5.46,0
mullaitivu,9.2698532,80.8145347,Clouds,76.78,82,1010,6.67,96
luziania,-16.2535456,-47.9500276,Rain,70.99,93,1009,3.2,99
kerman,30.2924085,57.0645647,Clear,35.46,69,1024,4.61,0
visnes,59.3565286,5.2382304,Clouds,26.85,74,1002,5.75,44
manicore,-5.804618,-61.289483,Clouds,81.18,69,1007,0.96,100
fare,45.90802,13.5165379,Clouds,39.11,75,1004,4.61,100
camacupa,-12.0203585,17.4763605,Clouds,60.19,98,1014,5.64,53
vaini,-21.1925671,-175.1772797,Clouds,84.49,89,1005,11.5,40
adeje,28.1219416,-16.7241893,Clouds,65.1,83,1019,8.05,40
havoysund,70.9963105,24.6609576,Clouds,23.23,83,991,7.9,94
taormina,37.8517921,15.2856523,Clouds,64.42,66,1008,6.33,64
butajira,8.120617,38.37771,Clouds,59.54,61,1016,5.01,63
nikolskoye,59.7034799,30.7861084,Snow,26.13,90,1003,13.47,100
omboue,-1.5726966,9.2653029,Rain,75.45,89,1011,3.13,98
cidreira,-30.1657063,-50.218331,Clear,70.56,67,1013,15.77,0
iqaluit,63.74944,-68.521857,Clouds,24.75,74,1033,0.0,40
kangaba,11.9415411,-8.4138589,Clouds,73.62,16,1012,4.76,72
totness,5.8771314,-56.3307762,Clear,77.38,84,1012,11.61,5
dunedin,-45.8740984,170.5035755,Clouds,63.19,72,1009,5.88,100
kapaa,22.0747334,-159.3191601,Clouds,78.67,73,1011,10.36,40
torbay,47.6576953,-52.726986,Drizzle,38.86,97,1010,16.11,100
roela,45.6764688,0.2186769,Fog,48.18,95,1000,6.91,100
erenhot,43.6407813,111.943519,Clear,-1.75,56,1040,4.29,0
taltal,-25.4078293,-70.4858424,Clouds,69.44,73,1012,5.5,22
illoqqortoormiut,70.4850588,-21.9641992,Clouds,-4.38,70,1036,4.63,74
victoria,48.4283182,-123.3649533,Clouds,42.24,79,1031,8.99,20
zhanaozen,43.3381034,52.8556219,Clear,33.39,73,1024,8.9,4
nemuro,43.3301154,145.5829068,Clear,26.38,52,1006,30.38,5
puri,19.8076083,85.8252538,Clouds,68.32,68,1012,5.99,34
san carlos,37.504936,-122.261823,Clouds,53.55,65,1021,5.75,40
krasnokamensk,50.096992,118.041344,Clear,-30.5,91,1034,4.88,5
moron,18.5602014,-74.2581337,Clouds,73.65,86,1015,4.32,55
saldanha,-32.9977778,17.9455556,Clouds,66.47,97,1010,12.46,12
gorontalo,0.5384433,123.0594971,Rain,76.12,95,1009,3.4,100
ahipara,-35.1664105,173.1562074,Clouds,72.54,72,1006,6.4,32
roxas,11.5895171,122.7500577,Clouds,80.15,89,1010,9.6,96
leningradskiy,54.129108,79.236702,Clouds,-20.63,100,1054,3.04,14
barentsburg,78.065362,14.2172367,Clouds,1.0,86,1022,11.77,25
new norfolk,-42.7801998,147.0615332,Clouds,48.11,71,1018,3.0,62
butaritari,2.9205375,172.91886331442205,Clouds,81.09,76,1007,5.5,60
ust-kalmanka,52.1171375,83.3047794,Clouds,-24.77,100,1054,2.42,82
derzhavinsk,51.0990849,66.3138516,Clear,3.96,82,1040,15.08,0
khatanga,71.9819205,102.4714765,Clouds,-0.81,95,1020,12.97,100
kaeo,-35.1017438,173.7751075,Clouds,76.44,83,1005,5.44,83
birin,35.6337386,3.2244016,Clouds,61.12,52,1008,4.34,93
saskylakh,71.9649533,114.0939433,Clouds,-15.16,95,1022,7.11,96
camuy,18.4838596,-66.8449104,Clear,76.19,82,1017,7.0,4
george,-33.964444,22.459722,Clear,62.15,94,1013,3.44,1
san juan de los morros,9.9152306,-67.3569141,Clouds,72.72,83,1012,2.66,100
isangel,-19.5410863,169.2810885,Clear,80.01,61,1008,3.56,7
shimoda,34.679545,138.945379,Clouds,43.97,69,1017,17.6,16
airai,-8.92655,125.40922,Clouds,66.61,75,1010,1.07,67
bilma,18.69293,12.91872,Clear,68.85,15,1015,6.06,0
mbengwi,6.003224,10.01384,Clear,64.47,45,1014,1.48,7
fortuna,40.597407,-124.156034,Clear,49.91,78,1023,6.91,0
san cristobal,7.7756663,-72.2214154,Clouds,67.87,91,1013,3.51,61
kirakira,-10.4568963,161.9201736,Clear,85.66,64,1007,1.99,8
amapa,21.7844465,-105.254711,Clear,78.26,42,1011,8.28,0
hobart,-42.8825088,147.3281233,Clouds,50.65,88,1015,16.11,75
hilo,19.7073734,-155.08158,Clouds,77.41,79,1012,6.91,40
chumikan,54.7171986,135.3172842,Clouds,-7.31,81,1004,22.1,100
kaduna,10.5182899,7.4359863,Clouds,67.3,19,1012,7.65,83
bethel,60.7922222,-161.7558333,Clear,3.54,85,1020,17.27,0
port augusta,-32.4908819,137.7639874,Clouds,63.0,40,1018,8.48,64
honiara,-9.4310769,159.9552552,Clouds,85.51,69,1008,2.73,91
muros,40.678061,8.617315,Clouds,55.85,92,1007,5.01,96
lavrentiya,65.5837793,-171.0058116,Clouds,13.08,93,1017,11.18,100
troitsko-pechorsk,62.714462,56.185379,Clouds,22.28,71,1022,12.64,56
dingle,11.0000758,122.6717839,Clouds,76.41,94,1009,7.81,95
ponta do sol,32.681067,-17.104073,Clouds,63.72,75,1016,19.86,40
muzhi,65.400004,64.7018584,Clouds,2.46,90,1025,5.03,56
atikokan,48.762526,-91.624603,Snow,30.81,91,1015,12.91,100
bambous virieux,-20.347199500000002,57.76474767388835,Rain,73.96,94,1014,3.44,75
chicomuselo,15.7425277,-92.285781,Rain,77.63,71,1010,1.88,50
tasiilaq,65.6152573,-37.6378149,Clouds,19.9,60,1031,7.31,63
avarua,-21.2074736,-159.7708145,Rain,78.78,83,1009,17.27,75
zhuhai,22.273734,113.5721327,Clouds,53.46,94,1019,17.27,40
chuy,-33.6937948,-53.4561114,Clear,68.0,64,1009,13.65,0
klaksvik,62.2266084,-6.5852705,Snow,31.24,66,1016,26.33,100
belushya guba,71.5376984,52.3427343,Snow,27.68,95,1003,16.73,100
bahia blanca,-38.7176522,-62.2654871,Clouds,69.26,61,1023,1.99,73
thompson,55.743347,-97.863464,Snow,24.98,100,1020,5.75,100
turukhansk,65.7934285,87.9589375,Snow,-3.6,97,1038,14.99,100
vangaindrano,-23.3503159,47.6043136,Clouds,70.05,93,1014,2.17,98
atar,20.5181943,-13.0543928,Clear,75.2,27,1015,6.35,0
biak,-1.1836086,136.0816321,Clouds,80.47,80,1008,4.65,100
claveria,18.6051605,121.080641,Clouds,77.72,87,1014,13.22,25
tabory,53.89094,19.52927,Clear,14.79,96,1006,4.74,8
talcahuano,-36.7144863,-73.1141087,Clear,68.05,68,1019,16.11,0
college,45.32664695,-75.83855656986515,Clouds,24.13,73,1026,8.05,20
dongsheng,39.822062,109.9576815,Clouds,7.52,35,1035,8.81,45
maragogi,-9.0118278,-35.222512,Clouds,78.98,78,1011,13.67,100
pandan,-3.2873871,104.1929841,Clouds,74.57,94,1008,2.01,99
wanxian,30.8104729,108.4030841,Clouds,45.05,72,1020,2.01,28
port macquarie,-31.4299499,152.9103525,Clear,73.83,26,1008,10.4,0
antigonish,45.6213607,-61.9904928,Clear,24.03,96,1013,5.01,6
vao,58.93963145,25.97080937451389,Snow,24.85,91,1003,14.9,100
aloleng,16.1234851,119.7807177,Clouds,81.14,73,1011,10.51,40
mingaora,34.7681309,72.3684619,Clear,48.81,23,1018,7.7,3
upernavik,72.7847392,-56.1469625,Clouds,21.79,75,1027,8.28,100
orlik,53.730977949999996,20.04194387589351,Clouds,13.35,96,1006,4.07,28
harper,41.3624875,-92.0510088,Clouds,36.79,72,1004,3.53,98
japura,-23.469273,-52.55572,Clouds,69.4,80,1009,5.28,67
dwarka,22.2471009,68.9742446,Clouds,74.53,61,1012,14.12,79
guilin,25.238704,110.1750728,Clear,35.73,93,1021,0.0,0
kavaratti,10.5672203,72.6394636,Clouds,80.91,76,1009,12.55,16
belmonte,39.5592831,-2.7038117,Clouds,51.55,84,1001,18.37,86
atasu,40.813793,39.669979,Clouds,44.98,89,1019,4.54,100
puksoozero,62.5907969,40.6074953,Clouds,18.66,90,1005,11.61,100
nizhneyansk,71.440445,136.130646,Clouds,-27.54,99,1030,7.54,74
los llanos de aridane,28.6592222,-17.9151945,Clear,58.12,76,1018,10.0,0
charlestown,43.2387,-72.424622,Clear,30.43,76,1019,3.0,4
sandwick,58.205513,-6.3533217,Clouds,36.63,84,1012,13.8,75
santa isabel do rio negro,-0.4160389,-65.0153096,Clouds,79.16,77,1008,2.84,100
vila velha,-20.3297037,-40.2920174,Clear,73.94,72,1015,11.5,0
guatire,10.4684588,-66.5431115,Clouds,71.15,98,1014,2.26,93
chokurdakh,70.6193824,147.902397,Clouds,-20.47,98,1030,7.58,100
brookhaven,31.5790667,-90.4407122,Rain,54.81,93,1009,9.84,99
qaanaaq,77.4686357,-69.2222746,Clouds,8.4,88,1025,6.89,100
yellowknife,62.4540807,-114.377385,Clouds,3.38,92,1020,6.91,40
cabo san lucas,22.8938884,-109.9200604,Clouds,72.82,65,1011,6.91,75
cambridge,52.197584649999996,0.13915373736874398,Clouds,24.91,92,1010,7.11,12
mahibadhoo,3.7572355,72.9689431887705,Clouds,79.83,80,1009,8.79,70
winnemucca,40.972415,-117.7347619,Clouds,30.16,69,1023,0.0,100
staroutkinsk,57.2281921,59.3234276,Clouds,3.6,97,1035,4.21,16
lusambo,-6.1094951,23.612934124246713,Clouds,65.07,98,1012,1.88,99
whitecourt,54.1424574,-115.6846504,Clouds,25.83,74,1024,2.3,20
huilong,32.7019019,115.4757064,Clear,38.52,52,1023,4.07,0
kamenka,53.1850012,44.0529066,Clouds,23.04,96,1025,6.82,100
edewecht,53.1283992,7.9855044,Clouds,22.05,93,1004,8.05,24
umm lajj,16.560472,43.88996,Clouds,53.73,46,1016,4.7,39
kaputa,-8.4733222,29.6638018,Rain,65.88,93,1012,2.73,94
dayong,25.020931,118.289804,Clouds,51.69,89,1023,3.24,100
ilulissat,69.2197127,-51.0986385,Clouds,21.49,45,1031,12.66,100
dikson,73.5083894,80.5123816,Clouds,5.02,94,1020,11.34,100
caravelas,-17.7296514,-39.2660082,Clouds,71.55,78,1013,13.06,100
tsihombe,-25.318547,45.484057,Clouds,72.54,80,1012,5.93,49
vaitupu,-7.4769458,178.6807836433052,Clouds,82.04,72,1006,14.58,95
richards bay,-28.7707857,32.0577775,Clouds,73.42,96,1010,5.26,79
woodward,41.8569299,-93.9218956,Clouds,33.66,79,1002,11.5,100
hasaki,35.7529706,140.8201321,Clouds,39.6,48,1016,4.63,100
kununurra,-15.7730916,128.738839,Clouds,84.11,65,1009,10.36,75
bangolo,7.0119038,-7.4867606,Clouds,70.43,45,1011,0.94,21
aykhal,65.9516363,111.4917562,Clouds,-30.17,100,1035,4.18,93
lagoa,37.13258125,-8.45505094811731,Clouds,56.68,91,1003,20.6,47
grindavik,63.844239,-22.4317498,Snow,21.52,73,1023,4.61,0
bengkulu,-3.7922858,102.2623797,Clouds,74.84,78,1009,2.98,100
jiangyou,31.9525495,104.9347205,Clouds,42.93,92,1021,4.12,100
codrington,51.508188,-2.3936619,Clouds,24.73,93,1011,5.88,51
sioux lookout,50.11345465,-92.19624322619077,Snow,30.45,87,1015,12.37,100
ancud,-41.8682162,-73.8287225,Clear,55.72,77,1022,9.44,6
kyshtovka,56.55957,76.624588,Clouds,-15.0,96,1053,5.1,33
salinopolis,-0.6259282,-47.3442819,Clouds,77.58,85,1011,9.01,88
bajo baudo,4.9537522,-77.366788,Rain,76.46,90,1009,6.04,84
paucartambo,-13.3176052,-71.5959691,Clouds,52.05,92,1016,3.09,99
buffalo,42.8867166,-78.8783922,Clouds,27.88,74,1022,12.66,75
uvalde,29.2095883,-99.7861833,Clear,64.49,17,1012,14.97,0
the valley,18.2145861,-63.0517759,Clouds,78.78,73,1016,4.61,40
sobolevo,55.5204405,38.7062515,Clouds,22.95,98,1021,5.19,69
nantucket,41.315731400000004,-70.00901408779944,Clear,39.13,71,1016,19.57,0
vanavara,60.345203,102.28093,Clouds,-15.56,91,1041,5.73,11
lingao,19.9102638,109.6859014,Clouds,63.32,75,1018,8.1,84
rawson,-43.2991348,-65.1056655,Clouds,60.44,59,1011,8.86,43
esperance,-33.858228,121.8931606,Clouds,64.13,55,1019,15.73,55
kruisfontein,-34.0119558,24.7433295,Clear,63.99,87,1012,3.04,0
laguna,-28.4837443,-48.7816572,Clear,70.99,66,1014,11.59,0
gisborne,-38.661326,178.0206487,Clouds,65.64,87,1012,15.55,100
denpasar,-8.6524973,115.2191175,Clouds,79.75,83,1008,2.3,20
katsuura,35.1521846,140.3207449,Clouds,46.35,48,1016,6.73,50
coari,-4.0885957,-63.1431166,Clouds,75.09,92,1008,2.21,99
vilyuysk,63.754082,121.626549,Clouds,-51.29,100,1033,2.75,73
katherine,-14.4646157,132.2635993,Clouds,82.71,69,1008,2.3,95
sovata,46.5971683,25.07328,Clouds,30.18,65,1010,4.12,100
anadyr,64.7316875,177.5060925,Mist,-7.64,76,1025,17.9,40
tautira,-27.145219,-109.430579,Clouds,77.76,65,1018,11.5,40
leo,11.0971341,-2.1047639,Clouds,71.15,14,1011,7.94,26
cockburn town,21.4607723,-71.1399956,Clear,77.22,68,1017,11.16,2
vardo,70.3308174,30.961751972265887,Clouds,16.48,79,990,17.27,100
formosa,23.5983227,120.83537694479215,Clouds,41.04,80,1019,2.17,82
nenjiang,49.1734835,125.231228,Clear,-26.55,94,1022,2.8,5
souillac,44.8980172,1.46943,Clouds,47.43,94,1001,4.68,69
kloulklubed,7.0415131,134.2564595,Clouds,79.12,78,1008,19.64,89
hualmay,-11.0967129,-77.6129018,Clouds,70.9,79,1012,5.03,92
loralai,30.366865,68.6000654,Clear,45.86,18,1018,5.19,0
severo-kurilsk,50.6683048,156.1154399,Snow,33.49,99,967,9.04,100
narsaq,60.9127453,-46.0452698,Clear,8.85,62,1032,8.97,2
belfort,47.6379599,6.8628942,Snow,32.52,99,1006,2.51,100
vostok,-10.0620702,-152.31258164405466,Rain,80.82,76,1007,17.02,69
porto santo,33.0657845,-16.336223627136313,Clouds,65.01,63,1013,21.85,40
itarema,-2.9224684,-39.9152184,Clouds,79.41,79,1011,14.54,82
caceres,39.4745175,-6.3716761,Clouds,48.22,95,1001,9.78,80
rundu,-17.913716,19.7672535,Clouds,68.25,79,1010,4.12,100
aktau,43.652058,51.157997,Clouds,23.04,71,1023,7.76,19
port hardy,50.7244402,-127.4976081,Clouds,39.18,87,1033,6.91,75
taquarana,-9.64529,-36.492844,Clouds,76.26,73,1010,15.88,99
east london,-33.0191604,27.8998573,Clouds,69.31,90,1011,8.46,59
balsas,-7.53214,-46.037163,Clouds,78.33,62,1009,3.13,100
wukari,7.8705196,9.7775523,Clear,73.24,24,1009,3.49,2
linxia,35.4787351,103.038525,Clouds,19.63,40,1026,0.49,100
juneau,58.3019496,-134.419734,Rain,38.5,97,1027,18.41,100
tuatapere,-46.1323096,167.6907627,Clouds,69.37,61,1007,4.68,40
chkalovskoye,51.027851,46.070656,Clouds,20.07,96,1026,5.1,65
port lincoln,-34.7211905,135.8592218,Clouds,59.34,59,1021,13.49,100
talakan,50.2947989,130.2826064,Clouds,-20.24,94,1014,6.38,98
hay river,60.8155874,-115.7866099,Clouds,12.22,79,1022,6.91,75
warrington,53.3899497,-2.5943178,Clear,25.32,81,1010,4.61,0
petrolandia,-27.5329615,-49.6984597,Clear,61.95,93,1015,2.75,6
sassandra,4.9490007,-6.0921667,Clouds,77.79,86,1010,6.06,30
camacha,32.679439,-16.8448679,Clouds,56.35,73,1013,8.05,20
lorengau,-2.0329567,147.2789185,Clouds,81.3,81,1007,5.95,99
nouadhibou,20.9127045,-17.0503094,Clear,71.53,68,1016,13.8,0
sitka,57.0524973,-135.337612,Haze,44.42,81,1032,12.66,100
lyuban,59.346325,31.244207,Clouds,22.55,88,1006,13.96,100
tiksi,71.636604,128.868546,Clouds,-30.24,97,1029,7.18,60
altamira,-3.204065,-52.209961,Clouds,79.84,54,1008,3.71,93
meulaboh,4.1481951,96.1339107,Clouds,74.34,94,1009,6.15,100
conceicao do araguaia,-8.2696905,-49.2676864,Clouds,73.24,93,1010,1.36,100
mount isa,-20.7289898,139.4931522,Clouds,82.26,17,1011,10.36,55
grajau,-5.8154034,-46.1361454,Clouds,79.86,64,1010,1.39,100
ayan,56.4609007,138.1817339,Snow,-15.86,88,998,26.11,100
rivera,-30.900058,-55.5408151,Clear,74.28,27,1008,8.46,0
havre-saint-pierre,50.2463647,-63.6003951,Clouds,37.71,70,1026,18.41,40
havelock,34.8785,-76.9014457,Clouds,45.57,75,1021,5.75,100
ouidah,6.3666147,2.0853599,Clouds,82.26,84,1009,9.8,66
sikonge,-5.62516,32.7542106,Rain,63.37,97,1011,3.06,82
kavieng,-2.573474,150.795224,Rain,82.8,74,1007,6.06,89
lucea,18.4472235,-78.1729253,Clouds,79.0,77,1014,7.85,79
inirida,3.8650368,-67.9259848,Clouds,73.81,94,1010,2.77,38
banda aceh,5.5528455,95.3192908,Clouds,73.72,95,1007,7.16,100
sabang,5.8927453,95.3225751,Clouds,74.86,94,1006,10.69,100
brae,60.3963461,-1.3536585,Rain,40.66,67,1006,18.21,87
lucapa,-8.4195244,20.7410918,Clouds,61.59,98,1012,0.81,86
zabol,31.0277779,61.4948211,Clear,48.56,47,1021,3.36,3
louisbourg,45.9234791,-59.9642959,Clear,32.86,87,1012,11.16,4
kaitangata,-46.2817388,169.8464139,Clouds,64.04,69,1008,7.52,84
urengoy,65.9623488,78.3718646,Clouds,1.83,96,1031,10.94,97
belaya gora,68.53701,146.187286,Clouds,-40.32,99,1033,4.32,86
tual,-5.6389933,132.7429249,Clouds,83.62,69,1008,3.2,37
rabo de peixe,37.8083497,-25.5851115,Clouds,54.86,96,1016,13.8,20
tarnow,50.025988299999995,20.96405842696229,Snow,28.02,97,1005,4.5,100
batagay-alyta,67.799362,130.403229,Clouds,-33.18,89,1033,3.62,58
vicksburg,32.3528055,-90.8777342,Clouds,52.39,91,1008,3.44,75
klamath falls,42.224867,-121.7816704,Clouds,26.51,87,1026,4.61,20
puerto barrios,15.7275154,-88.5952506,Clear,80.62,78,1007,4.61,0
jijiang,29.7999912,120.6071908,Clear,38.88,64,1026,2.28,0
falealupo,-13.4992482,-172.7861622,Rain,81.48,73,1004,8.86,100
kadugannawa,7.2572795,80.5195206,Clouds,65.91,96,1011,2.26,100
awjilah,29.140278,21.2975,Clear,66.38,43,1017,5.73,0
coihaique,-45.5711804,-72.0684863,Clouds,59.25,44,1016,5.75,40
nanortalik,60.1400246,-45.2428523,Clear,16.12,64,1030,8.48,1
bani walid,31.7584309,14.0146898,Clear,68.07,39,1015,10.16,6
sinnamary,5.3770561,-52.9571586,Clouds,77.43,86,1012,11.25,66
nha trang,12.2431693,109.1898675,Clouds,75.22,84,1012,7.54,94
amos,48.5718519,-78.1160856,Clouds,13.77,97,1031,5.97,26
chiriguana,9.3636401,-73.6016974,Clouds,78.33,80,1008,2.51,84
burnie,-41.0523688,145.9064073,Clear,62.15,42,1016,8.25,6
la spezia,44.11200215,9.840156327896342,Clouds,47.64,93,1003,2.35,95
north platte,41.1238873,-100.7654232,Clouds,24.01,74,1007,23.0,100
pevek,69.7028171,170.2746851,Clouds,-30.44,99,1032,7.52,95
ogawara,38.0492675,140.7309539,Snow,35.31,87,1013,6.91,75
pithora,21.2530999,82.5156818,Clouds,64.89,38,1013,3.6,12
omaruru,-21.4173717,15.9514037,Clouds,72.14,53,1011,1.25,100
matagami,49.7575884,-77.6300251,Clear,5.09,85,1030,0.0,0
pacific grove,36.6211149,-121.917794,Clear,54.25,67,1022,10.0,0
clyde river,46.2239354,-63.2576799,Clouds,27.95,84,1014,3.44,100
tulum,20.169626800000003,-87.44979005748027,Clouds,78.53,81,1011,10.07,19
castro,45.802987,10.06706,Clouds,37.83,47,1004,1.99,89
verkhneye dubrovo,56.7549822,61.043128,Clouds,4.5,84,1035,6.71,20
hopkinsville,36.8657651,-87.4889532,Clouds,54.93,96,1002,3.0,100
luderitz,-26.6500086,15.157266,Clear,63.9,98,1011,6.24,7
takoradi,4.887401,-1.7519316,Clear,79.16,85,1010,8.59,5
thunder bay,48.406414,-89.259796,Snow,32.05,93,1017,19.57,100
alibag,18.6498427,72.8765469,Clouds,80.62,77,1010,4.7,100
mandalgovi,45.7630435,106.2704145,Clouds,-6.52,78,1043,8.34,77
karaidel,55.83279,56.913136,Clouds,2.61,90,1033,3.94,37
butembo,0.1249694,29.2919545,Clouds,54.55,97,1014,2.55,23
sao jose da coroa grande,-8.889375,-35.151461,Clouds,79.0,79,1011,14.12,99
hofn,64.2532647,-15.2080441,Clouds,25.09,56,1025,12.19,100
san-pedro,33.7358518,-118.2922934,Clear,58.53,64,1019,11.5,0
san patricio,27.9695325,-97.7731720386266,Clear,71.11,26,1012,11.25,0
labuhan,-6.891973,112.9897177,Clouds,81.45,77,1009,4.63,51
chernyshevskiy,63.0155918,112.4642349,Clouds,-13.04,99,1031,2.84,100
broome,-17.9566909,122.2240181,Clouds,85.89,74,1007,5.75,40
kahului,20.8894101,-156.4727118,Clouds,82.98,60,1010,14.97,20
burica,8.0637437,-82.9127307,Rain,78.35,82,1009,7.81,10
gunzenhausen,49.1147095,10.7545933,Snow,23.4,95,1006,2.95,100
ambovombe,-25.178398,46.0877489,Clouds,71.55,85,1012,5.3,71
funtua,11.5232142,7.307497,Clouds,63.61,19,1012,8.9,25
baghmara,25.1927615,90.6459328,Clear,60.28,89,1013,2.8,0
attawapiskat,52.9244075,-82.4270112,Clear,8.6,92,1033,4.61,0
kamenskoye,53.1793307,37.7767378,Clouds,9.27,97,1025,6.64,58
tevaitoa,-16.78176695,-151.47083353757228,Rain,77.9,78,1009,18.39,92
emerald,-23.5263118,148.1618622,Clouds,79.3,29,1008,15.1,57
ponta delgada,37.7394344,-25.6683618,Clouds,57.92,62,1016,13.8,20
enugu,6.4499833,7.5000007,Clear,79.95,61,1010,0.0,6
roura,4.7260468,-52.3259186,Clouds,78.69,83,1011,9.22,100
bonthe,7.527274,-12.501955,Clouds,78.35,83,1010,6.22,54
christchurch,-43.530955,172.6366455,Drizzle,63.3,91,1010,2.3,100
borger,35.6689767,-101.3919481,Clear,41.65,37,1010,5.99,0
saint-leu,-21.1677694,55.2881932,Clouds,73.98,79,1015,3.91,15
scottsbluff,41.862302,-103.6627088,Clouds,26.94,81,1012,20.71,100
maceio,-9.6476843,-35.7339264,Rain,77.81,88,1011,11.5,0
ulladulla,-35.3621503,150.4751713,Clouds,64.49,43,1009,18.25,63
ust-nera,64.566376,143.237839,Clouds,-49.22,100,1042,2.91,58
amderma,69.7522076,61.662267280204404,Clouds,15.1,82,1013,23.06,36
tilichiki,60.429134,166.057053,Snow,10.09,94,1017,11.83,100
dolores,38.1392436,-0.769318,Clouds,60.21,91,1000,10.04,100
opuwo,-18.0550384,13.8387366,Clouds,70.07,43,1012,3.83,91
road town,18.4257128,-64.6232227,Clouds,76.95,78,1017,8.05,20
bubaque,11.29969595,-15.833543367212418,Clear,82.31,57,1010,7.78,0
pringsewu,-5.3554066,104.9774115,Clouds,76.14,79,1009,2.57,99
arcos,42.2652637,-3.7555708,Clouds,46.0,92,998,5.23,100
nuevo progreso,26.0544108,-97.9518067,Clear,72.68,33,1011,6.91,0
batagay,67.654907,134.635071,Clouds,-49.85,98,1036,1.54,54
pisco,-13.7099813,-76.2029793,Clear,71.49,83,1012,14.97,0
srednekolymsk,67.455497,153.7071456,Clouds,-47.0,100,1034,4.43,58
abu dhabi,24.4538352,54.3774014,Clear,70.34,78,1016,1.14,0
cua,40.4525285,66.0476206,Clouds,40.14,43,1024,4.54,44
arlit,18.739079,7.393331,Clear,70.63,22,1014,8.34,0
marion,37.7306054,-88.9331256,Rain,48.36,96,1003,5.75,100
yilan,46.2521461,129.73909884918004,Clear,-6.43,86,1018,14.52,6
kibakwe,-6.7114112,36.3730676,Clouds,64.42,90,1012,4.16,19
fort smith,35.3784666,-94.3996456,Clear,43.09,61,1009,13.8,0
wajima,37.3905644,136.8994281,Rain,36.25,100,1015,3.44,75
tura,47.3900474,0.6889268,Clouds,34.38,93,1003,9.22,100
grand-lahou,5.244259,-5.003462,Clouds,76.41,89,1010,4.36,25
sawtell,-30.3689782,153.1002694,Clouds,71.51,28,1008,13.8,20
tigil,57.7598,158.6836121,Clouds,22.96,85,993,13.09,99
fort nelson,58.8062066,-122.6942704,Clouds,8.24,85,1021,2.3,75
nioki,-2.720373,17.685412,Clouds,68.04,86,1011,1.03,65
birao,10.2961965,22.7809907,Clouds,67.28,17,1011,6.42,14
ribeira grande,37.8225227,-25.5194914,Clouds,55.13,96,1016,13.8,20
boa vista,2.8208478,-60.6719582,Clear,84.18,61,1008,4.61,0
kutum,14.2108373,24.649584,Clear,59.25,24,1016,7.18,5
igarka,67.4566185,86.5308425,Snow,-4.7,98,1034,17.36,100
saint george,12.0535331,-61.751805,Clouds,79.68,83,1013,8.05,75
mongar,27.2763005,91.237536,Clouds,49.24,93,1015,0.72,96
urumqi,43.419754,87.319461,Clouds,3.22,96,1043,5.12,98
stamsund,68.1300745,13.8492285,Snow,34.11,73,996,17.87,100
sorvag,68.0369493,15.3884863,Snow,29.21,87,995,9.86,98
tessalit,20.2019542,1.0124531,Clear,70.57,17,1015,8.46,0
miri,4.392739,113.9880255,Clouds,77.11,94,1008,0.0,40
luau,-10.7025518,22.2275381,Clouds,61.03,99,1013,2.46,99
bend,44.0581728,-121.3153096,Snow,31.37,77,1026,5.01,0
lompoc,34.6391501,-120.4579409,Clear,57.18,71,1021,12.66,0
paita,-5.0851637,-81.1136793,Clouds,69.04,83,1010,12.15,59
yatou,33.8084033,104.3247758,Clouds,20.66,90,1024,1.1,11
namibe,-15.195064,12.1458085,Clouds,68.47,74,1012,1.5,86
ewa beach,21.315603,-158.008804,Clouds,81.82,58,1011,13.8,75
san buenaventura,34.3640573,-119.31101594866902,Clouds,57.85,61,1005,7.0,58
machico,32.722875,-16.7659069,Clouds,64.35,71,1013,8.05,20
siaya,0.0593318,34.2835138,Rain,60.84,92,1012,3.91,18
lewistown,47.0639275,-109.428213,Mist,22.44,91,1024,13.8,100
palmer,61.5995703,-149.11109,Snow,21.54,95,1020,0.0,100
ahvaz,31.3231643,48.6792538,Rain,60.78,59,1017,4.61,40
skibbereen,52.25102185,-7.150832935933905,Clear,30.97,77,1012,7.0,10
smithers,54.7792074,-127.1760991,Clouds,17.92,86,1034,0.0,40
tonekabon,36.8154324,50.8787003,Clear,58.64,68,1021,1.01,7
geraldton,-28.77035,114.6147159,Clouds,71.76,83,1010,4.61,40
mount airy,40.0640001,-75.1865661,Clear,31.57,62,1021,6.91,0
boulsa,12.6626565,-0.5730914,Clouds,72.21,12,1011,7.7,90
general pico,-35.6591085,-63.7576103,Rain,85.69,21,1004,16.4,90
cody,44.5263107,-109.056392,Clouds,26.78,68,1015,9.22,100
sao sebastiao,-23.8027866,-45.4070527,Clouds,71.22,74,1014,8.81,73
fortuna foothills,32.6578355,-114.4118901,Clear,60.46,29,1020,8.05,0
port-gentil,-0.7149116,8.7797434,Thunderstorm,78.78,89,1011,2.3,75
mayumba,-3.4310453,10.6543709,Clouds,75.04,89,1010,2.35,73
innisfail,-17.5241721,146.0311418,Clouds,87.53,61,1005,4.45,16
la ronge,55.1005283,-105.2900485,Snow,14.18,79,1026,6.91,100
yulara,-25.2410108,130.9869405,Clouds,74.14,26,1012,14.0,100
zeya,53.7403584,127.2716246,Clouds,-26.66,91,1016,4.88,48
great yarmouth,52.6071742,1.7314845,Clouds,32.0,75,1008,10.18,33
vestmanna,62.156,-7.166,Snow,31.24,86,1015,9.22,100
kedgwick,47.6463746,-67.3468372,Snow,33.22,94,1022,12.64,100
nishihara,26.227791,127.76054,Clouds,61.54,77,1021,13.8,75
mabaruma,8.2037266,-59.784924,Clouds,72.36,98,1013,3.49,85
menongue,-14.6610713,17.6820336,Rain,62.71,96,1012,5.99,77
karpathos,35.6136611,27.11925668821135,Clouds,48.16,81,1015,6.51,23
constitucion,-35.3318306,-72.4118998,Clear,61.66,77,1018,16.37,2
nioro,15.2304528,-9.5899063,Clear,71.6,12,1013,7.67,0
luba,17.3173222,120.6946459,Clouds,79.2,77,1013,3.02,79
utiroa,-1.2130376,174.7571277,Clouds,80.28,73,1007,3.67,41
plover,42.8783598,-94.6234034,Clouds,31.51,88,1001,1.01,99
male,4.1779879,73.5107387,Clouds,78.78,89,1009,4.61,40
olga,45.107044,7.273613,Clouds,30.88,79,1006,5.46,11
nuevo san juan parangaricutiro,19.4170378,-102.1302225,Clear,57.49,67,1014,1.86,9
sinnar,19.8453138,74.0000241,Clouds,67.84,91,1013,4.81,98
buala,-8.145546,159.5930366,Rain,82.8,73,1007,1.9,98
kushiro,42.9849503,144.3820491,Clouds,25.79,39,1003,8.05,20
alta floresta,-9.8698547,-56.0834993,Clouds,72.46,95,1010,2.33,100
talnakh,69.4939889,88.3907607,Snow,-6.43,99,1033,12.57,100
kalmunai,7.4131557,81.8269327,Clouds,75.61,87,1010,7.27,100
axim,4.865362,-2.242169,Clear,78.8,84,1010,7.18,5
pimenteiras,-6.2366098,-41.4192948,Clouds,83.91,45,1010,2.98,100
guarapari,-20.6718755,-40.4984617,Clouds,73.92,76,1014,8.77,97
khairagarh,21.4166145,80.9818486,Clouds,66.27,46,1013,3.83,31
dhamnod,22.209838,75.4721181,Clouds,70.21,53,1013,4.34,91
rio grande,-53.7856766,-67.7016369,Clear,51.84,43,1003,25.32,0
strezhevoy,60.732758,77.600807,Clouds,-3.15,96,1043,7.56,65
alofi,-19.0534159,-169.919199,Clouds,82.9,69,1005,10.36,75
marawi,8.0047262,124.2854351,Clouds,72.36,87,1010,1.3,98
pangody,65.856575,74.494797,Clouds,-0.74,90,1029,11.03,80
mae hong son,19.3015068,97.9666073,Fog,64.54,100,1014,0.0,100
jiwani,25.0503174,61.7465561,Clear,70.54,43,1015,11.59,0
viedma,-40.8084274,-62.994722,Clouds,67.37,40,1010,4.65,99
port arthur,29.8988618,-93.9288723,Clear,60.66,51,1008,6.91,0
finschhafen,-6.6040926,147.8536907,Clouds,85.06,70,1007,9.71,100
nueva loja,0.0850662,-76.883564,Clouds,72.61,87,1010,1.59,69
vanimo,-2.6847646,141.3009131,Rain,80.56,87,1008,3.74,100
padang,-0.9247587,100.3632561,Clouds,71.64,100,1008,2.3,75
karachi,24.8546842,67.0207055,Haze,55.56,58,1015,0.0,0
henties bay,-22.1130313,14.2881683522115,Clouds,62.35,91,1011,4.7,94
sao filipe,14.8952963,-24.4969361,Clouds,79.75,51,1014,10.27,25
coos bay,43.3678937,-124.2174647,Clear,46.63,85,1027,9.22,0
vetrni,48.7742466,14.2861607,Clouds,26.91,97,1005,1.34,98
cozumel,20.5014305,-86.9435851,Clear,81.34,84,1012,5.99,9
dolinsk,47.3241456,142.7979361,Clouds,15.48,81,994,18.79,98
champerico,14.293651,-91.911813,Clear,84.76,74,1010,7.76,4
zuenoula,7.4280208,-6.0500349,Clear,75.63,33,1010,0.94,4
ulaangom,49.9800327,92.068851,Clouds,-14.39,83,1058,3.38,47
madisonville,37.3280037,-87.4986989,Rain,53.98,97,1001,3.0,100
inuvik,68.3602632,-133.720386,Snow,-1.53,81,1026,2.3,100
udachnyy,81.1420793,64.14151587946739,Clouds,-22.65,100,1022,4.12,96
hirara,24.926431,125.2411151,Clouds,64.44,88,1020,18.41,75
hami,42.817404,93.5142008,Clouds,19.67,51,1036,6.71,71
zimovniki,47.148918,42.46497,Clouds,30.99,80,1026,5.26,100
kemin,42.7882884,75.697228,Clouds,30.15,51,1032,6.71,12
zhashkiv,49.2478012,30.1066179,Clouds,27.01,78,1017,17.18,100
yevsino,54.5129689,83.3479109,Clouds,-19.52,100,1055,1.12,27
sukumo,32.9390595,132.7262671,Clouds,43.95,62,1024,10.36,68
furano,43.3419744,142.383188,Snow,17.98,91,1008,14.0,96
amasya,40.6503248,35.8329148,Clouds,44.11,92,1019,1.97,100
longonjo,-12.9070386,15.248612,Rain,62.28,97,1013,1.79,100
cortes,41.9235302,-1.4206848,Clouds,52.81,84,997,15.59,100
nabire,-3.360285,135.5023653,Clouds,81.19,81,1009,1.1,99
touros,-5.1998625,-35.4595051,Clouds,78.98,78,1012,11.79,50
krasnoselkup,65.704239,82.458855,Clouds,1.42,94,1034,14.88,100
floro,61.6002583,5.0349596,Clouds,24.75,86,1003,5.75,100
kamina,-8.7351826,25.0032201,Clouds,60.67,98,1013,2.39,100
mumford,42.9924433,-77.8602521,Clouds,25.56,89,1025,7.94,99
dalen,43.7169169,17.2278277,Clouds,39.99,93,1005,2.77,90
cirebon,-6.7137044,108.5608483,Clouds,81.21,76,1009,7.05,80
rampur,28.8014001,79.0284337,Clear,50.74,41,1014,6.8,0
mangrol,21.575642,72.8565391,Clouds,74.73,67,1011,9.08,99
hervey bay,-25.2985784,152.8535216,Clouds,76.44,37,1008,9.24,86
kamiiso,45.1202572,141.1986333,Clouds,23.07,81,1002,39.82,100
san vicente,6.2826869,-75.3317647,Clouds,63.88,72,1022,2.3,75
santa cruz de tenerife,28.469648,-16.2540884,Clouds,66.36,86,1020,12.66,75
pokhara,28.209538,83.991402,Clear,53.67,33,1014,4.68,3
macheng,31.3198572,115.1108647,Clear,40.15,43,1023,1.57,1
flin flon,54.769801,-101.878967,Snow,18.91,86,1019,6.91,100
navrongo,10.8928117,-1.0883729,Clear,74.64,14,1010,7.4,4
barawe,1.4923441,44.1066308,Clouds,74.82,79,1010,8.39,50
haines junction,60.7527212,-137.5100384,Snow,33.75,69,1018,4.61,100
naze,5.4519997,7.0566745,Clouds,76.51,84,1010,4.38,14
pontes e lacerda,-15.2315171,-59.3349512,Clouds,77.22,78,1007,1.36,100
ijaki,22.9372399,57.7570944,Clear,63.9,63,1017,4.05,1
verkhoyansk,67.5495068,133.3874618,Clouds,-51.92,99,1036,1.5,59
stephenville,32.2191836,-98.2130634,Clear,48.27,43,1013,9.22,0
lasa,50.4291723,2.8319805,Clouds,23.43,61,1008,0.67,100
estevan,49.1428076,-102.9910752,Snow,17.6,86,1011,23.02,100
antofagasta,-23.6463741,-70.3980033,Clouds,67.39,76,1013,4.9,17
krasnyy chikoy,50.364742,108.75798,Clouds,-1.17,96,1040,7.0,100
bicaz,46.9112275,26.0903478,Clouds,33.33,70,1010,4.52,100
wasilla,61.5824216,-149.442563,Snow,20.73,94,1020,0.0,100
husavik,66.0433168,-17.3410402,Clouds,14.88,84,1027,9.31,91
isabela,18.5008172,-67.024343,Clear,73.98,86,1017,8.05,0
iralaya,15.0027763,-83.2258873,Clouds,77.31,83,1012,9.22,90
paciran,-6.8765741,112.392446,Rain,80.98,76,1009,6.15,59
miass,55.065304,60.108337,Clouds,1.44,99,1039,3.76,67
san policarpo,12.1805518,125.5074292,Clouds,81.95,82,1011,12.8,100
ambodifototra,-16.9996379,49.8525772,Clear,78.21,75,1013,5.37,10
bongaree,-27.0800065,153.1630438424226,Clouds,76.21,64,1008,10.76,100
hamilton,43.2560802,-79.8728583,Clouds,30.42,82,1022,23.02,100
dovers,12.8898564,-61.1839586,Rain,80.56,86,1015,15.3,56
ngama,4.1936854,11.1979507,Clouds,72.55,89,1010,6.6,25
crestview,30.7621326,-86.5705084,Mist,72.66,90,1009,12.66,100
chapais,49.7829998,-74.8572812,Clear,19.15,96,1033,5.5,8
mayor pablo lagerenza,-19.9308887,-60.7717842,Clouds,84.06,53,1003,4.68,99
ninghai,29.2907774,121.4252252,Clear,41.13,57,1027,1.19,4
huai thalaeng,14.9981271,102.6453197,Clouds,57.6,73,1014,6.13,46
preston,53.7593363,-2.6992717,Clear,22.87,75,1012,2.55,1
creel,27.7530234,-107.6343516,Clear,39.13,34,1015,8.05,1
ouegoa,-20.344958,164.4388081,Clear,83.68,59,1007,5.19,5
leh,34.1642029,77.5848133,Clear,14.14,39,1036,1.81,0
kazachinskoye,57.694408,93.281029,Clouds,-2.81,94,1050,6.93,100
culfa,38.9540587,45.6270343,Clouds,35.47,79,1022,0.22,100
lata,18.3983393,76.562087,Clouds,69.24,79,1012,5.17,99
petropavlovsk-kamchatskiy,53.0199838,158.6471356,Rain,37.51,95,967,33.2,100
kibondo,-3.5863517,30.7198006,Clouds,58.75,95,1012,2.98,71
nizip,37.0108864,37.7931734,Rain,52.03,92,1020,5.95,100
atagay,55.101635,99.388611,Snow,2.46,93,1046,12.37,100
noumea,-22.2745264,166.442419,Clear,85.05,99,1007,8.97,0
pacasmayo,-7.4028958,-79.5684847,Clouds,69.19,80,1011,9.98,73
putnam,41.9153094,-71.9092563,Clear,31.28,71,1020,8.43,0
yenotayevka,47.2443998,47.0354919,Snow,32.02,99,1026,6.67,100
sofiysk,51.573494,139.842682,Snow,5.5,90,988,16.84,100
samusu,-13.9974088,-171.4288872,Rain,80.91,78,1004,11.56,94
kazalinsk,45.76255,62.101181,Clouds,26.51,56,1028,8.32,87
amuntai,-2.4196178,115.2539707,Clouds,77.32,90,1009,0.69,75
hurricane,38.4325896,-82.0201368,Rain,45.84,96,1009,4.0,100
dergachi,51.235374,48.768578,Clouds,22.95,98,1026,4.18,100
dergaon,26.71463,93.97019,Clear,58.15,80,1013,2.08,1
nyurba,63.286648,118.354149,Clouds,-39.33,100,1033,3.36,100
moissala,8.3380154,17.7652816,Clear,73.42,22,1008,2.71,2
urubamba,-13.30616525,-72.11589238960143,Clouds,57.81,79,1015,6.64,97
oranjemund,-28.551932,16.428415,Clear,65.52,96,1011,1.57,8
soyo,-6.1333775,12.3717548,Clouds,76.66,86,1010,2.35,94
maniitsoq,65.4175454,-52.8967885,Clouds,21.31,86,1033,10.0,100
puerto suarez,-18.9631791,-57.7974552,Clouds,81.93,63,1003,2.19,72
sedlcany,49.6582258,14.4254935,Clouds,25.03,49,1010,1.3,95
saint-joseph,49.5344534,-1.529802,Rain,41.56,81,1006,12.66,100
plettenberg bay,-34.052778,23.369444,Clear,65.61,90,1012,2.21,1
ambilobe,-13.194439,49.049956,Clouds,75.06,79,1011,2.46,81
bertoua,4.5777265,13.6844409,Clouds,67.98,53,1010,2.3,15
okhotsk,59.3643921,143.2410816,Clouds,6.3,74,1003,15.32,100
suez,29.974498,32.537086,Clouds,62.24,61,1017,6.42,67
tsuruoka,38.7272187,139.8266292,Snow,35.62,87,1013,17.27,75
nouakchott,18.0792379,-15.9780071,Clear,75.56,51,1014,9.04,0
xichang,27.8983767,102.2627884,Clouds,43.02,91,1015,0.38,82
xining,36.617331,101.7761976,Clouds,16.63,44,1026,0.58,63
bandarbeyla,9.4952646,50.8127815,Clouds,74.41,66,1012,14.61,62
njinikom,6.228245,10.314959,Clear,63.48,37,1014,2.84,8
coolum beach,-26.53284,153.0697205622449,Clouds,79.03,53,1006,7.43,66
goreloye,52.924011,41.504463,Clouds,22.46,93,1025,5.68,100
orbetello,42.4380944,11.2107429,Clouds,48.22,88,1006,4.63,67
chardara,39.6849866,66.88701769237258,Clouds,44.4,45,1023,2.3,51
cururupu,-1.824255,-44.872996,Clouds,75.63,88,1011,3.62,88
yushu,44.8381222,126.5271463,Clear,-2.31,42,1024,9.57,0
tuggurt,33.1098968,6.066102,Clear,62.67,55,1011,9.22,0
mezen,65.843956,44.244141,Clouds,20.64,88,1000,15.9,100
ishigaki,24.3382831,124.1577569,Clouds,66.43,94,1019,19.57,75
priargunsk,50.365902,119.090134,Clouds,-41.82,98,1035,0.83,23
deputatskiy,54.8408485,61.1269918,Clouds,-7.35,100,1040,5.28,99
stege,54.9863794,12.2861344,Clouds,28.99,68,1002,14.76,83
bowen,40.2333789,-91.0626375,Clouds,42.57,72,1005,6.22,100
altayskoye,51.945145,85.336746,Clouds,-10.52,91,1053,5.21,12
taseyevo,51.5638006,116.659848,Clear,-25.49,95,1034,3.31,10
san quintin,30.5613719,-115.938162,Clouds,57.58,59,1019,6.98,21
sao miguel do araguaia,-13.2726442,-50.1627219,Clouds,72.25,95,1010,8.41,100
medea,36.265344,2.766957,Rain,53.8,90,1008,4.45,100
candawaga,8.8749167,117.5015654,Clouds,80.53,75,1009,2.33,94
cap-aux-meules,47.377501,-61.8661738,Mist,35.58,100,1015,16.11,100
